{"cameraMode":{"drawMode":0,"name":"Shaded","section":"Shading Mode"},"sceneLighting":true,"audioPlay":false,"sceneViewState":{"m_AlwaysRefresh":false,"showFog":true,"showSkybox":true,"showFlares":true,"showImageEffects":true,"showParticleSystems":true,"showVisualEffectGraphs":true,"m_FxEnabled":true},"in2DMode":false,"pivot":{"x":0.38929882645606997,"y":-20.939828872680665,"z":20.374853134155275},"rotation":{"x":0.42832159996032717,"y":0.025260886177420617,"z":-0.011983056552708149,"w":0.9032190442085266},"size":18.111778259277345,"orthographic":false}