{"cameraMode":{"drawMode":0,"name":"Shaded","section":"Shading Mode"},"sceneLighting":true,"audioPlay":false,"sceneViewState":{"showFog":true,"showMaterialUpdate":false,"showSkybox":true,"showFlares":true,"showImageEffects":true,"showParticleSystems":true,"showVisualEffectGraphs":true},"in2DMode":false,"pivot":{"x":-15.196375846862793,"y":-5.073381423950195,"z":-7.265775680541992},"rotation":{"x":0.14597249031066895,"y":-0.6749412417411804,"z":0.13879923522472382,"w":0.7098804116249085},"size":9.400012016296387,"orthographic":false}