{"cameraMode":{"drawMode":0,"name":"Shaded","section":"Shading Mode"},"sceneLighting":false,"audioPlay":false,"sceneViewState":{"showFog":true,"showMaterialUpdate":false,"showSkybox":false,"showFlares":true,"showImageEffects":true,"showParticleSystems":true,"showVisualEffectGraphs":true},"in2DMode":false,"pivot":{"x":-11.625088691711426,"y":-56.11853790283203,"z":123.14049530029297},"rotation":{"x":-0.09946755319833756,"y":0.278768390417099,"z":-0.02905861847102642,"w":-0.9547684192657471},"size":0.8660253882408142,"orthographic":false}